A,B,NewColumn,NewColumn_transformed
1,10,1,1.0
2,20,2,1.4142135623730951
3,30,3,1.7320508075688772
4,40,4,2.0
5,50,5,2.23606797749979
